run_accession	experiment_accession	library_layout	read_count	base_count	fastq_bytes	fastq_md5	fastq_ftp
SRR16013048	SRX12299981	PAIRED	60882150	18264645000	3708464401;4106831515	0c2a2264d357b20c2e49c8169acd5305;9645f255e519f2af878a02743696aa76	ftp.sra.ebi.ac.uk/vol1/fastq/SRR160/048/SRR16013048/SRR16013048_1.fastq.gz;ftp.sra.ebi.ac.uk/vol1/fastq/SRR160/048/SRR16013048/SRR16013048_2.fastq.gz
SRR16013049	SRX12299982	PAIRED	67121133	20136339900	4098361698;4580635170	74eba584d43d698f3242471cbb427431;db8537791a1e62548bcde9ffeb0e54de	ftp.sra.ebi.ac.uk/vol1/fastq/SRR160/049/SRR16013049/SRR16013049_1.fastq.gz;ftp.sra.ebi.ac.uk/vol1/fastq/SRR160/049/SRR16013049/SRR16013049_2.fastq.gz
SRR16013051	SRX12299984	PAIRED	54160657	16248197100	3403434691;3780811667	9d4a4815554313e7a9240232c2aa7991;1ee3ed05cc903055fb7f123aac3ed46f	ftp.sra.ebi.ac.uk/vol1/fastq/SRR160/051/SRR16013051/SRR16013051_1.fastq.gz;ftp.sra.ebi.ac.uk/vol1/fastq/SRR160/051/SRR16013051/SRR16013051_2.fastq.gz
SRR16013055	SRX12299988	PAIRED	67918781	20375634300	4185755739;4600501086	735a9fe487529fe99590b144cd45d99f;a6c804612c622190477866b2135ef0a5	ftp.sra.ebi.ac.uk/vol1/fastq/SRR160/055/SRR16013055/SRR16013055_1.fastq.gz;ftp.sra.ebi.ac.uk/vol1/fastq/SRR160/055/SRR16013055/SRR16013055_2.fastq.gz
SRR16013062	SRX12299994	PAIRED	66298352	19889505600	2872567693;3510763381	c1fc66999dfbc85822dbc0826ec71d44;f7b30ff6356341928ba32e3ceedd5bef	ftp.sra.ebi.ac.uk/vol1/fastq/SRR160/062/SRR16013062/SRR16013062_1.fastq.gz;ftp.sra.ebi.ac.uk/vol1/fastq/SRR160/062/SRR16013062/SRR16013062_2.fastq.gz
SRR16013067	SRX12299997	PAIRED	48810059	14643017700	3001877430;3344314660	b46306cd15c5d296b67a9b5849a63839;dcc3ad2c79d2c2ed20108c38ce0e6e63	ftp.sra.ebi.ac.uk/vol1/fastq/SRR160/067/SRR16013067/SRR16013067_1.fastq.gz;ftp.sra.ebi.ac.uk/vol1/fastq/SRR160/067/SRR16013067/SRR16013067_2.fastq.gz
SRR16013069	SRX12299998	PAIRED	49649484	14894845200	3064712394;3274824802	1f7292be1c8ca060c458441cac61ef18;50348a7392972f238a0d8ba857520e9c	ftp.sra.ebi.ac.uk/vol1/fastq/SRR160/069/SRR16013069/SRR16013069_1.fastq.gz;ftp.sra.ebi.ac.uk/vol1/fastq/SRR160/069/SRR16013069/SRR16013069_2.fastq.gz
SRR16013075	SRX12300002	PAIRED	8538895	2561668500	491516776;556731647	27d8287753605d203523fd5c4c3bb452;bbadce4cc302db1b00add0d1b4064829	ftp.sra.ebi.ac.uk/vol1/fastq/SRR160/075/SRR16013075/SRR16013075_1.fastq.gz;ftp.sra.ebi.ac.uk/vol1/fastq/SRR160/075/SRR16013075/SRR16013075_2.fastq.gz
SRR16013078	SRX12300003	PAIRED	4448397	1334519100	269097123;298530168	28c1e6645bf702563e316027cabb876e;d5f85781ea63e55ad78717d24676fcd0	ftp.sra.ebi.ac.uk/vol1/fastq/SRR160/078/SRR16013078/SRR16013078_1.fastq.gz;ftp.sra.ebi.ac.uk/vol1/fastq/SRR160/078/SRR16013078/SRR16013078_2.fastq.gz
SRR16013087	SRX12300006	PAIRED	20122743	6036822900	1293846200;1371523343	db012663be1d616e8b76f43263328fd1;609f72eea79410ca27382cbbdb34bc2b	ftp.sra.ebi.ac.uk/vol1/fastq/SRR160/087/SRR16013087/SRR16013087_1.fastq.gz;ftp.sra.ebi.ac.uk/vol1/fastq/SRR160/087/SRR16013087/SRR16013087_2.fastq.gz
SRR16013047	SRX12299980	PAIRED	52495172	15748551600	3267337281;3630008684	05a6096189e33d5956815de315b80cb4;bed52429281db9093ad399daeec73047	ftp.sra.ebi.ac.uk/vol1/fastq/SRR160/047/SRR16013047/SRR16013047_1.fastq.gz;ftp.sra.ebi.ac.uk/vol1/fastq/SRR160/047/SRR16013047/SRR16013047_2.fastq.gz
SRR16013050	SRX12299983	PAIRED	63190143	18957042900	3953363445;4295187027	c6d7317ad22fe59afd16671bd9fa21df;839d168405195fccaf4e57e1c129a92e	ftp.sra.ebi.ac.uk/vol1/fastq/SRR160/050/SRR16013050/SRR16013050_1.fastq.gz;ftp.sra.ebi.ac.uk/vol1/fastq/SRR160/050/SRR16013050/SRR16013050_2.fastq.gz
SRR16013059	SRX12299991	PAIRED	78364619	23509385700	4939028112;5454907614	62a453f96dd18255f0e07fdeee719eed;2d5d7cd8daab9aef2f3ffd7c49fb93d6	ftp.sra.ebi.ac.uk/vol1/fastq/SRR160/059/SRR16013059/SRR16013059_1.fastq.gz;ftp.sra.ebi.ac.uk/vol1/fastq/SRR160/059/SRR16013059/SRR16013059_2.fastq.gz
SRR16013063	SRX12299994	PAIRED	51984475	15595342500	2156083351;2516492546	8d65244789be725ea4f0b3f4fa7df7ee;4ac018dc8e88d9a493de304463e10c18	ftp.sra.ebi.ac.uk/vol1/fastq/SRR160/063/SRR16013063/SRR16013063_1.fastq.gz;ftp.sra.ebi.ac.uk/vol1/fastq/SRR160/063/SRR16013063/SRR16013063_2.fastq.gz
SRR16013066	SRX12299996	PAIRED	75659577	22697873100	4279878395;4854218511	f4354ca21a77ad080668557b824689f6;04ec54a0830fc7e42da1695fa21c23f7	ftp.sra.ebi.ac.uk/vol1/fastq/SRR160/066/SRR16013066/SRR16013066_1.fastq.gz;ftp.sra.ebi.ac.uk/vol1/fastq/SRR160/066/SRR16013066/SRR16013066_2.fastq.gz
SRR16013068	SRX12299998	PAIRED	61715402	18514620600	3856247800;4285280895	f9d6113fc558c504555de88eed697272;d558db5a972142f06a01c7b7dfcd1361	ftp.sra.ebi.ac.uk/vol1/fastq/SRR160/068/SRR16013068/SRR16013068_1.fastq.gz;ftp.sra.ebi.ac.uk/vol1/fastq/SRR160/068/SRR16013068/SRR16013068_2.fastq.gz
SRR16013070	SRX12299999	PAIRED	66693137	20007941100	4003529369;4515044055	e011f089ada56012b0271a1762e7fd4f;b8618a57633a32f9a1f5176733beddfd	ftp.sra.ebi.ac.uk/vol1/fastq/SRR160/070/SRR16013070/SRR16013070_1.fastq.gz;ftp.sra.ebi.ac.uk/vol1/fastq/SRR160/070/SRR16013070/SRR16013070_2.fastq.gz
SRR16013071	SRX12300000	PAIRED	67545631	20263689300	3998795329;4435922812	fe20be07f66b9e0ff93886f0c23f144b;8d1a0cae9426e3d3daa0d184215882e9	ftp.sra.ebi.ac.uk/vol1/fastq/SRR160/071/SRR16013071/SRR16013071_1.fastq.gz;ftp.sra.ebi.ac.uk/vol1/fastq/SRR160/071/SRR16013071/SRR16013071_2.fastq.gz
SRR16013079	SRX12300003	PAIRED	11063845	3319153500	648304202;724525457	e3905eba1768d2b724f3d8e17155a2bd;3b0516a0e6315b6a38ef27b4df3e320c	ftp.sra.ebi.ac.uk/vol1/fastq/SRR160/079/SRR16013079/SRR16013079_1.fastq.gz;ftp.sra.ebi.ac.uk/vol1/fastq/SRR160/079/SRR16013079/SRR16013079_2.fastq.gz
SRR16013090	SRX12300009	PAIRED	42583089	12774926700	2369906151;2751635405	b4592ea9b48e61d4bd28264e51a61329;54d972749a36dc48702c1ea770a7a2fd	ftp.sra.ebi.ac.uk/vol1/fastq/SRR160/090/SRR16013090/SRR16013090_1.fastq.gz;ftp.sra.ebi.ac.uk/vol1/fastq/SRR160/090/SRR16013090/SRR16013090_2.fastq.gz
SRR16013056	SRX12299989	PAIRED	57193547	17158064100	3472351042;3865141268	9bf3f685679304aba0e7f3591d25faf1;198d9d6389167129e06d8b4ebc3da326	ftp.sra.ebi.ac.uk/vol1/fastq/SRR160/056/SRR16013056/SRR16013056_1.fastq.gz;ftp.sra.ebi.ac.uk/vol1/fastq/SRR160/056/SRR16013056/SRR16013056_2.fastq.gz
SRR16013057	SRX12299990	PAIRED	71472932	21441879600	4485178802;4951328324	21807d0ed73be2b2e3805704e739947b;a30cee5ac0eea445b79c530b7471243f	ftp.sra.ebi.ac.uk/vol1/fastq/SRR160/057/SRR16013057/SRR16013057_1.fastq.gz;ftp.sra.ebi.ac.uk/vol1/fastq/SRR160/057/SRR16013057/SRR16013057_2.fastq.gz
SRR16013080	SRX12300003	PAIRED	18599790	5579937000	1136368182;1195648715	805a5eece8bc323f7280138c0e64c8b3;6470c24ca1617a9436881f3c19ba66f0	ftp.sra.ebi.ac.uk/vol1/fastq/SRR160/080/SRR16013080/SRR16013080_1.fastq.gz;ftp.sra.ebi.ac.uk/vol1/fastq/SRR160/080/SRR16013080/SRR16013080_2.fastq.gz
SRR16013082	SRX12300005	PAIRED	14053981	4216194300	843643569;938309170	4f305c26b8d9e07d684b4b06f21612d3;cc680c7e6e9f27bea8cabddcacd9a7bf	ftp.sra.ebi.ac.uk/vol1/fastq/SRR160/082/SRR16013082/SRR16013082_1.fastq.gz;ftp.sra.ebi.ac.uk/vol1/fastq/SRR160/082/SRR16013082/SRR16013082_2.fastq.gz
SRR16013088	SRX12300007	PAIRED	49139872	14741961600	3005966715;3419319203	14cc87c8483cb2a079ce2f015f116e9f;aae43444cee43e42b4bf24a01fbdc7a1	ftp.sra.ebi.ac.uk/vol1/fastq/SRR160/088/SRR16013088/SRR16013088_1.fastq.gz;ftp.sra.ebi.ac.uk/vol1/fastq/SRR160/088/SRR16013088/SRR16013088_2.fastq.gz
SRR16013052	SRX12299985	PAIRED	55717779	16715333700	3494651346;3868752514	aa615534a71d6f3c9193bc984e9b7fb6;b7cd13c9ebe9baea577c435b659b8e24	ftp.sra.ebi.ac.uk/vol1/fastq/SRR160/052/SRR16013052/SRR16013052_1.fastq.gz;ftp.sra.ebi.ac.uk/vol1/fastq/SRR160/052/SRR16013052/SRR16013052_2.fastq.gz
SRR16013054	SRX12299987	PAIRED	64649456	19394836800	3963457656;4453258242	f1b0ad7bd9664ef96197b754973340bb;d349f8111be622bbdcb2d212531d2ede	ftp.sra.ebi.ac.uk/vol1/fastq/SRR160/054/SRR16013054/SRR16013054_1.fastq.gz;ftp.sra.ebi.ac.uk/vol1/fastq/SRR160/054/SRR16013054/SRR16013054_2.fastq.gz
SRR16013058	SRX12299990	PAIRED	52275468	15682640400	3254315262;3492294177	e04971566130f54af741bab9da68a342;780c11cea7d6ed0125ca5ee79cab072d	ftp.sra.ebi.ac.uk/vol1/fastq/SRR160/058/SRR16013058/SRR16013058_1.fastq.gz;ftp.sra.ebi.ac.uk/vol1/fastq/SRR160/058/SRR16013058/SRR16013058_2.fastq.gz
SRR16013061	SRX12299993	PAIRED	61440418	18432125400	3761325090;4173132897	57908a47ef736081497ab69142381077;e065b60203f97f3717e19465dfe557cb	ftp.sra.ebi.ac.uk/vol1/fastq/SRR160/061/SRR16013061/SRR16013061_1.fastq.gz;ftp.sra.ebi.ac.uk/vol1/fastq/SRR160/061/SRR16013061/SRR16013061_2.fastq.gz
SRR16013064	SRX12299995	PAIRED	59603055	17880916500	3634743775;4081943792	1631f213447a8163035e8037e2755228;6fb73117074dfe9bb0ac7f72bd2b9b01	ftp.sra.ebi.ac.uk/vol1/fastq/SRR160/064/SRR16013064/SRR16013064_1.fastq.gz;ftp.sra.ebi.ac.uk/vol1/fastq/SRR160/064/SRR16013064/SRR16013064_2.fastq.gz
SRR16013065	SRX12299995	PAIRED	59034466	17710339800	3573031200;3898965502	d4fb06ed27c79b8f1edf757f9433cd65;7dfc663abae066dd9de378775cffdcab	ftp.sra.ebi.ac.uk/vol1/fastq/SRR160/065/SRR16013065/SRR16013065_1.fastq.gz;ftp.sra.ebi.ac.uk/vol1/fastq/SRR160/065/SRR16013065/SRR16013065_2.fastq.gz
SRR16013072	SRX12300001	PAIRED	18395021	5518506300	1052694091;1189237990	f6dedf5de757d19b8e8b3b9f8695c3bc;6362cf59899a61650b508a798aac0beb	ftp.sra.ebi.ac.uk/vol1/fastq/SRR160/072/SRR16013072/SRR16013072_1.fastq.gz;ftp.sra.ebi.ac.uk/vol1/fastq/SRR160/072/SRR16013072/SRR16013072_2.fastq.gz
SRR16013073	SRX12300001	PAIRED	21985069	6595520700	1310900122;1400182754	49829f934b575b8c487211ce5f462021;e815684023d925053ed4966055f312bf	ftp.sra.ebi.ac.uk/vol1/fastq/SRR160/073/SRR16013073/SRR16013073_1.fastq.gz;ftp.sra.ebi.ac.uk/vol1/fastq/SRR160/073/SRR16013073/SRR16013073_2.fastq.gz
SRR16013076	SRX12300002	PAIRED	11105496	3331648800	655398941;737908151	dcfb72c8c26db30600ad247b3f833830;8e3cd00436f986bbf3e1cd33357f8bad	ftp.sra.ebi.ac.uk/vol1/fastq/SRR160/076/SRR16013076/SRR16013076_1.fastq.gz;ftp.sra.ebi.ac.uk/vol1/fastq/SRR160/076/SRR16013076/SRR16013076_2.fastq.gz
SRR16013081	SRX12300004	PAIRED	56713212	17013963600	3462453484;3876056960	dcf64deb013998031ef51ec7b0eab6e4;52eb4990fde0b69d1fbed1109669f7fd	ftp.sra.ebi.ac.uk/vol1/fastq/SRR160/081/SRR16013081/SRR16013081_1.fastq.gz;ftp.sra.ebi.ac.uk/vol1/fastq/SRR160/081/SRR16013081/SRR16013081_2.fastq.gz
SRR16013083	SRX12300005	PAIRED	14753122	4425936600	904019230;1006755276	58500cb67b756941561f9a4bbc00add9;d7fd38534644bfbbdd15bf90d593654f	ftp.sra.ebi.ac.uk/vol1/fastq/SRR160/083/SRR16013083/SRR16013083_1.fastq.gz;ftp.sra.ebi.ac.uk/vol1/fastq/SRR160/083/SRR16013083/SRR16013083_2.fastq.gz
SRR16013053	SRX12299986	PAIRED	56743327	17022998100	3568521359;3888565005	806bc14fc3fbd5e251d7fb5c0909616a;75e6e487c98056c40282f3aedbe3b44c	ftp.sra.ebi.ac.uk/vol1/fastq/SRR160/053/SRR16013053/SRR16013053_1.fastq.gz;ftp.sra.ebi.ac.uk/vol1/fastq/SRR160/053/SRR16013053/SRR16013053_2.fastq.gz
SRR16013060	SRX12299992	PAIRED	69249079	20774723700	4418159065;4804606175	c31808ffac41853dc44a5b6d3c613f69;3988e7849c7768fc323161d404a9fad1	ftp.sra.ebi.ac.uk/vol1/fastq/SRR160/060/SRR16013060/SRR16013060_1.fastq.gz;ftp.sra.ebi.ac.uk/vol1/fastq/SRR160/060/SRR16013060/SRR16013060_2.fastq.gz
SRR16013074	SRX12300001	PAIRED	5605305	1681591500	328008870;371412138	b35c8b9b94f01ef83fea779fd07ed8ab;6fca9df24986879479084a57c28b37ae	ftp.sra.ebi.ac.uk/vol1/fastq/SRR160/074/SRR16013074/SRR16013074_1.fastq.gz;ftp.sra.ebi.ac.uk/vol1/fastq/SRR160/074/SRR16013074/SRR16013074_2.fastq.gz
SRR16013077	SRX12300002	PAIRED	18369176	5510752800	1106759379;1181718649	5469be6ab3bedf90f678e4cab1e2c7ee;0953ff45e5147ddd2122e850fffc2cb9	ftp.sra.ebi.ac.uk/vol1/fastq/SRR160/077/SRR16013077/SRR16013077_1.fastq.gz;ftp.sra.ebi.ac.uk/vol1/fastq/SRR160/077/SRR16013077/SRR16013077_2.fastq.gz
SRR16013084	SRX12300005	PAIRED	19413499	5824049700	1214906931;1289974590	a723fce2c1e6ad3ffe08e2739c2c7396;c61e4d22b6ab04ae7ff22c7e1a66d42a	ftp.sra.ebi.ac.uk/vol1/fastq/SRR160/084/SRR16013084/SRR16013084_1.fastq.gz;ftp.sra.ebi.ac.uk/vol1/fastq/SRR160/084/SRR16013084/SRR16013084_2.fastq.gz
SRR16013085	SRX12300006	PAIRED	17751800	5325540000	1091396858;1222192965	2dfda6c833c38d399c9559551afd86db;53c1dd9a78b64c7df34d4f41936bf701	ftp.sra.ebi.ac.uk/vol1/fastq/SRR160/085/SRR16013085/SRR16013085_1.fastq.gz;ftp.sra.ebi.ac.uk/vol1/fastq/SRR160/085/SRR16013085/SRR16013085_2.fastq.gz
SRR16013086	SRX12300006	PAIRED	5785675	1735702500	369550278;408466079	ea18657c4bb869673e8c64281b71347e;b093543bd4bc7de1509f7f33bcd2c12e	ftp.sra.ebi.ac.uk/vol1/fastq/SRR160/086/SRR16013086/SRR16013086_1.fastq.gz;ftp.sra.ebi.ac.uk/vol1/fastq/SRR160/086/SRR16013086/SRR16013086_2.fastq.gz
SRR16013089	SRX12300008	PAIRED	48690102	14607030600	2975226673;3299487860	b6b5ef84abdf3b60142cee93a7dae4ab;5e61d47bb2327c4113bcc905d010a2b4	ftp.sra.ebi.ac.uk/vol1/fastq/SRR160/089/SRR16013089/SRR16013089_1.fastq.gz;ftp.sra.ebi.ac.uk/vol1/fastq/SRR160/089/SRR16013089/SRR16013089_2.fastq.gz
