task_id	hash	native_id	name	status	exit	submit	duration	realtime	%cpu	peak_rss	peak_vmem	rchar	wchar
15	9a/9781f0	23952	control_calidad:fastqc (OSCC_2-P:SRR16013050)	COMPLETED	0	2026-09-28 12:10:54.534	10.2s	9.8s	185.2%	498.4 MB	4 GB	24.5 MB	3.6 MB
10	14/7e35c3	23938	control_calidad:fastp (OSCC_13-P:SRR16013084)	COMPLETED	0	2026-09-28 12:10:54.510	10.3s	10.2s	140.4%	1.2 GB	1.5 GB	34.8 MB	12.6 MB
2	95/f315a0	23966	control_calidad:fastqc (OSCC_4-P:SRR16013054)	COMPLETED	0	2026-09-28 12:10:54.551	10.3s	9.9s	173.0%	504.8 MB	4 GB	24.6 MB	3.6 MB
14	66/0def73	23986	control_calidad:fastp (OSCC_1-P:SRR16013048)	COMPLETED	0	2026-09-28 12:10:54.565	10.3s	10.2s	145.4%	1.2 GB	1.5 GB	34.6 MB	12.7 MB
23	38/bcb737	24063	control_calidad:fastp (OSCC_11-P:SRR16013074)	COMPLETED	0	2026-09-28 12:10:54.593	10.2s	10.1s	141.0%	1.2 GB	1.5 GB	33.7 MB	11.9 MB
3	ef/cf09c7	24020	control_calidad:fastp (OSCC_5-P:SRR16013056)	COMPLETED	0	2026-09-28 12:10:54.578	10.3s	10.2s	137.8%	1.2 GB	1.4 GB	34.6 MB	12.9 MB
21	90/b8b635	26855	control_calidad:fastqc (OSCC_11-P:SRR16013073)	COMPLETED	0	2026-09-28 12:11:04.870	11.3s	11.2s	172.8%	425.8 MB	4.1 GB	23.8 MB	3.6 MB
16	7d/a61b5c	26968	control_calidad:fastp (OSCC_2-P:SRR16013050)	COMPLETED	0	2026-09-28 12:11:05.000	11.2s	11.1s	117.5%	1.2 GB	1.4 GB	35 MB	13.3 MB
5	d7/c86996	26999	control_calidad:fastqc (OSCC_13-P:SRR16013082)	COMPLETED	0	2026-09-28 12:11:05.027	11.2s	11s	182.7%	494.5 MB	4 GB	24.1 MB	3.6 MB
7	08/df1424	26933	control_calidad:fastqc (OSCC_13-P:SRR16013083)	COMPLETED	0	2026-09-28 12:11:04.953	11.3s	11.1s	170.2%	499.9 MB	4 GB	24.5 MB	3.6 MB
20	a4/b14a6f	26896	control_calidad:fastqc (OSCC_11-P:SRR16013072)	COMPLETED	0	2026-09-28 12:11:04.929	11.3s	11.2s	174.0%	495.5 MB	4 GB	23.6 MB	3.6 MB
13	d2/754e2c	26872	control_calidad:fastqc (OSCC_1-P:SRR16013048)	COMPLETED	0	2026-09-28 12:11:04.900	11.6s	11.4s	163.6%	486.7 MB	4 GB	24.2 MB	3.6 MB
4	b8/93405a	30214	control_calidad:fastqc (OSCC_5-P:SRR16013056)	COMPLETED	0	2026-09-28 12:11:16.248	10s	9.8s	207.0%	341.6 MB	4 GB	24.2 MB	3.6 MB
6	0a/2574b2	30331	control_calidad:fastp (OSCC_13-P:SRR16013082)	COMPLETED	0	2026-09-28 12:11:16.319	11.9s	11.7s	146.2%	1.2 GB	1.5 GB	34.3 MB	12.7 MB
1	89/f60bad	30157	control_calidad:fastp (OSCC_4-P:SRR16013054)	COMPLETED	0	2026-09-28 12:11:16.217	11.9s	11.8s	145.3%	1.2 GB	1.5 GB	35 MB	12.8 MB
19	33/f9f045	30245	control_calidad:fastp (OSCC_11-P:SRR16013072)	COMPLETED	0	2026-09-28 12:11:16.271	12.3s	12.1s	137.3%	1.2 GB	1.4 GB	33.3 MB	11.9 MB
22	83/992c72	30282	control_calidad:fastp (OSCC_11-P:SRR16013073)	COMPLETED	0	2026-09-28 12:11:16.300	12.6s	12.3s	135.3%	1.2 GB	1.5 GB	33.7 MB	11.8 MB
11	e5/3a5e3f	30682	control_calidad:fastp (OSCC_16-P:SRR16013090)	COMPLETED	0	2026-09-28 12:11:16.496	12.7s	12.6s	133.1%	1.2 GB	1.5 GB	33 MB	11 MB
12	93/8ce23d	33013	control_calidad:fastqc (OSCC_16-P:SRR16013090)	COMPLETED	0	2026-09-28 12:11:26.511	9.2s	8.9s	193.8%	486.4 MB	4 GB	23.4 MB	3.6 MB
17	00/bc6fcc	33720	control_calidad:fastp (OSCC_10-P:SRR16013070)	COMPLETED	0	2026-09-28 12:11:28.577	9.3s	8.9s	135.2%	1.2 GB	1.5 GB	34.4 MB	12.4 MB
18	58/42ac26	33478	control_calidad:fastqc (OSCC_10-P:SRR16013070)	COMPLETED	0	2026-09-28 12:11:28.183	10.1s	9.8s	192.9%	509.5 MB	4 GB	24.2 MB	3.6 MB
24	51/5dc450	33497	control_calidad:fastqc (OSCC_11-P:SRR16013074)	COMPLETED	0	2026-09-28 12:11:28.241	10s	9.8s	187.6%	506.8 MB	4.1 GB	23.8 MB	3.7 MB
9	75/b0303d	33914	control_calidad:fastqc (OSCC_13-P:SRR16013084)	COMPLETED	0	2026-09-28 12:11:28.929	10.3s	10s	191.4%	528.4 MB	4 GB	24.5 MB	3.6 MB
8	c8/e9d707	34095	control_calidad:fastp (OSCC_13-P:SRR16013083)	COMPLETED	0	2026-09-28 12:11:29.251	10.2s	10s	135.1%	1.2 GB	1.5 GB	34.8 MB	12.6 MB
27	37/482817	35797	control_calidad:fastqc_post_trimming (OSCC_5-P:SRR16013056)	COMPLETED	0	2026-09-28 12:11:35.956	12.3s	12s	167.9%	481.8 MB	4 GB	23.3 MB	3.6 MB
28	0c/107234	36451	control_calidad:fastqc_post_trimming (OSCC_13-P:SRR16013084)	COMPLETED	0	2026-09-28 12:11:37.927	11.3s	11.1s	183.0%	463 MB	4 GB	23.1 MB	3.6 MB
26	07/dfb349	36593	control_calidad:fastqc_post_trimming (OSCC_1-P:SRR16013048)	COMPLETED	0	2026-09-28 12:11:38.278	11s	10.7s	190.2%	442.9 MB	4 GB	23.1 MB	3.6 MB
29	8f/b7164c	37011	control_calidad:fastqc_post_trimming (OSCC_2-P:SRR16013050)	COMPLETED	0	2026-09-28 12:11:39.326	10.5s	10.3s	182.6%	423.2 MB	4.1 GB	23.7 MB	3.6 MB
25	e6/1dc96e	36608	control_calidad:fastqc_post_trimming (OSCC_11-P:SRR16013074)	COMPLETED	0	2026-09-28 12:11:38.308	11.6s	11.3s	173.7%	471.2 MB	4.1 GB	22.3 MB	3.6 MB
31	3a/c11faf	37093	control_calidad:fastqc_post_trimming (OSCC_13-P:SRR16013082)	COMPLETED	0	2026-09-28 12:11:39.540	10.4s	10.2s	187.5%	449.5 MB	4.1 GB	23.1 MB	3.6 MB
30	7a/c239c6	39297	control_calidad:fastqc_post_trimming (OSCC_4-P:SRR16013054)	COMPLETED	0	2026-09-28 12:11:48.290	8.9s	8.7s	180.2%	388.1 MB	4 GB	23.3 MB	3.6 MB
33	63/3dcfd5	39715	control_calidad:fastqc_post_trimming (OSCC_11-P:SRR16013073)	COMPLETED	0	2026-09-28 12:11:49.280	8.7s	8.6s	181.4%	397.6 MB	4 GB	22.3 MB	3.6 MB
32	1f/12ffaa	39650	control_calidad:fastqc_post_trimming (OSCC_11-P:SRR16013072)	COMPLETED	0	2026-09-28 12:11:49.204	8.8s	8.7s	179.4%	427.7 MB	4 GB	22.4 MB	3.6 MB
34	db/b8caf2	40045	control_calidad:fastqc_post_trimming (OSCC_16-P:SRR16013090)	COMPLETED	0	2026-09-28 12:11:49.889	8.9s	8.8s	167.1%	384 MB	4 GB	21.5 MB	3.6 MB
35	24/cfb71d	40077	control_calidad:fastqc_post_trimming (OSCC_10-P:SRR16013070)	COMPLETED	0	2026-09-28 12:11:49.919	9s	8.8s	167.5%	505 MB	4.1 GB	22.9 MB	3.6 MB
36	c3/855895	40135	control_calidad:fastqc_post_trimming (OSCC_13-P:SRR16013083)	COMPLETED	0	2026-09-28 12:11:49.981	9.2s	9s	170.1%	452.7 MB	4 GB	23.1 MB	3.6 MB
39	03/346ef6	42171	salmon_quant (OSCC_5-P)	COMPLETED	0	2026-09-28 12:11:57.236	2m 12s	2m 11s	181.3%	3.5 GB	4.2 GB	3.4 GB	69.5 MB
38	4d/1d1c32	44785	salmon_quant (OSCC_1-P)	COMPLETED	0	2026-09-28 12:14:08.812	2m 7s	2m 6s	183.0%	3.5 GB	4.2 GB	3.4 GB	68.2 MB
44	48/326864	47193	salmon_quant (OSCC_10-P)	COMPLETED	0	2026-09-28 12:16:15.443	2m 22s	2m 22s	177.0%	3.2 GB	4.2 GB	3.4 GB	68.8 MB
41	10/c51d2e	49556	salmon_quant (OSCC_2-P)	COMPLETED	0	2026-09-28 12:18:37.854	2m 3s	2m 3s	184.9%	3.2 GB	4.2 GB	3.4 GB	68.4 MB
42	36/904cfd	51672	salmon_quant (OSCC_4-P)	COMPLETED	0	2026-09-28 12:20:40.617	2m 8s	2m 8s	183.4%	3.5 GB	4.2 GB	3.4 GB	66.6 MB
43	71/fa1997	53842	salmon_quant (OSCC_16-P)	COMPLETED	0	2026-09-28 12:22:48.619	1m 42s	1m 42s	173.1%	3.2 GB	4.2 GB	3.4 GB	66.8 MB
37	e2/65592a	55639	salmon_quant (OSCC_11-P)	COMPLETED	0	2026-09-28 12:24:30.501	4m 4s	4m 4s	186.8%	3.5 GB	4.2 GB	3.4 GB	85.8 MB
40	81/a69a8e	59287	salmon_quant (OSCC_13-P)	COMPLETED	0	2026-09-28 12:28:34.460	4m 55s	4m 55s	183.0%	3.3 GB	4.2 GB	3.4 GB	87.8 MB
45	d5/0b72b3	63754	multiqc (reporte_integrado)	COMPLETED	0	2026-09-28 12:33:30.196	10.3s	9.8s	85.5%	237.9 MB	3.7 GB	51.2 MB	35.4 MB
