sample,run,test_observed_pairs,test_r1_bytes,test_r2_bytes,ena_library_layout,ena_read_count_reported,ena_base_count,ena_fastq_bytes,ena_fastq_md5,ena_fastq_ftp
OSCC_5-P,SRR16013056,100000,6592465,7249765,PAIRED,57193547,17158064100,3472351042;3865141268,9bf3f685679304aba0e7f3591d25faf1;198d9d6389167129e06d8b4ebc3da326,ftp.sra.ebi.ac.uk/vol1/fastq/SRR160/056/SRR16013056/SRR16013056_1.fastq.gz;ftp.sra.ebi.ac.uk/vol1/fastq/SRR160/056/SRR16013056/SRR16013056_2.fastq.gz
OSCC_13-P,SRR16013082,100000,6526147,7184770,PAIRED,14053981,4216194300,843643569;938309170,4f305c26b8d9e07d684b4b06f21612d3;cc680c7e6e9f27bea8cabddcacd9a7bf,ftp.sra.ebi.ac.uk/vol1/fastq/SRR160/082/SRR16013082/SRR16013082_1.fastq.gz;ftp.sra.ebi.ac.uk/vol1/fastq/SRR160/082/SRR16013082/SRR16013082_2.fastq.gz
OSCC_13-P,SRR16013083,100000,6686529,7276689,PAIRED,14753122,4425936600,904019230;1006755276,58500cb67b756941561f9a4bbc00add9;d7fd38534644bfbbdd15bf90d593654f,ftp.sra.ebi.ac.uk/vol1/fastq/SRR160/083/SRR16013083/SRR16013083_1.fastq.gz;ftp.sra.ebi.ac.uk/vol1/fastq/SRR160/083/SRR16013083/SRR16013083_2.fastq.gz
OSCC_13-P,SRR16013084,100000,6807153,7165997,PAIRED,19413499,5824049700,1214906931;1289974590,a723fce2c1e6ad3ffe08e2739c2c7396;c61e4d22b6ab04ae7ff22c7e1a66d42a,ftp.sra.ebi.ac.uk/vol1/fastq/SRR160/084/SRR16013084/SRR16013084_1.fastq.gz;ftp.sra.ebi.ac.uk/vol1/fastq/SRR160/084/SRR16013084/SRR16013084_2.fastq.gz
OSCC_16-P,SRR16013090,100000,6080274,6940418,PAIRED,42583089,12774926700,2369906151;2751635405,b4592ea9b48e61d4bd28264e51a61329;54d972749a36dc48702c1ea770a7a2fd,ftp.sra.ebi.ac.uk/vol1/fastq/SRR160/090/SRR16013090/SRR16013090_1.fastq.gz;ftp.sra.ebi.ac.uk/vol1/fastq/SRR160/090/SRR16013090/SRR16013090_2.fastq.gz
OSCC_1-P,SRR16013048,100000,6619911,7242619,PAIRED,60882150,18264645000,3708464401;4106831515,0c2a2264d357b20c2e49c8169acd5305;9645f255e519f2af878a02743696aa76,ftp.sra.ebi.ac.uk/vol1/fastq/SRR160/048/SRR16013048/SRR16013048_1.fastq.gz;ftp.sra.ebi.ac.uk/vol1/fastq/SRR160/048/SRR16013048/SRR16013048_2.fastq.gz
OSCC_2-P,SRR16013050,100000,6786341,7298382,PAIRED,63190143,18957042900,3953363445;4295187027,c6d7317ad22fe59afd16671bd9fa21df;839d168405195fccaf4e57e1c129a92e,ftp.sra.ebi.ac.uk/vol1/fastq/SRR160/050/SRR16013050/SRR16013050_1.fastq.gz;ftp.sra.ebi.ac.uk/vol1/fastq/SRR160/050/SRR16013050/SRR16013050_2.fastq.gz
OSCC_10-P,SRR16013070,100000,6522246,7257251,PAIRED,66693137,20007941100,4003529369;4515044055,e011f089ada56012b0271a1762e7fd4f;b8618a57633a32f9a1f5176733beddfd,ftp.sra.ebi.ac.uk/vol1/fastq/SRR160/070/SRR16013070/SRR16013070_1.fastq.gz;ftp.sra.ebi.ac.uk/vol1/fastq/SRR160/070/SRR16013070/SRR16013070_2.fastq.gz
OSCC_11-P,SRR16013072,100000,6227366,6951933,PAIRED,18395021,5518506300,1052694091;1189237990,f6dedf5de757d19b8e8b3b9f8695c3bc;6362cf59899a61650b508a798aac0beb,ftp.sra.ebi.ac.uk/vol1/fastq/SRR160/072/SRR16013072/SRR16013072_1.fastq.gz;ftp.sra.ebi.ac.uk/vol1/fastq/SRR160/072/SRR16013072/SRR16013072_2.fastq.gz
OSCC_11-P,SRR16013073,100000,6535411,6860585,PAIRED,21985069,6595520700,1310900122;1400182754,49829f934b575b8c487211ce5f462021;e815684023d925053ed4966055f312bf,ftp.sra.ebi.ac.uk/vol1/fastq/SRR160/073/SRR16013073/SRR16013073_1.fastq.gz;ftp.sra.ebi.ac.uk/vol1/fastq/SRR160/073/SRR16013073/SRR16013073_2.fastq.gz
OSCC_11-P,SRR16013074,100000,6379876,7012367,PAIRED,5605305,1681591500,328008870;371412138,b35c8b9b94f01ef83fea779fd07ed8ab;6fca9df24986879479084a57c28b37ae,ftp.sra.ebi.ac.uk/vol1/fastq/SRR160/074/SRR16013074/SRR16013074_1.fastq.gz;ftp.sra.ebi.ac.uk/vol1/fastq/SRR160/074/SRR16013074/SRR16013074_2.fastq.gz
OSCC_4-P,SRR16013054,100000,6662052,7387950,PAIRED,64649456,19394836800,3963457656;4453258242,f1b0ad7bd9664ef96197b754973340bb;d349f8111be622bbdcb2d212531d2ede,ftp.sra.ebi.ac.uk/vol1/fastq/SRR160/054/SRR16013054/SRR16013054_1.fastq.gz;ftp.sra.ebi.ac.uk/vol1/fastq/SRR160/054/SRR16013054/SRR16013054_2.fastq.gz
