sample,run,test_observed_pairs,retained_pairs,retained_percent,q30_before_percent,q30_after_percent,test_r1_bytes,test_r2_bytes
OSCC_5-P,SRR16013056,100000,93441,93.44,92.49,95.41,6592465,7249765
OSCC_13-P,SRR16013082,100000,93205,93.2,92.03,95.11,6526147,7184770
OSCC_13-P,SRR16013083,100000,92082,92.08,91.46,95.36,6686529,7276689
OSCC_13-P,SRR16013084,100000,92097,92.1,91.07,95.19,6807153,7165997
OSCC_16-P,SRR16013090,100000,86579,86.58,89.51,94.67,6080274,6940418
OSCC_1-P,SRR16013048,100000,92124,92.12,91.98,95.18,6619911,7242619
OSCC_2-P,SRR16013050,100000,94334,94.33,93.07,95.42,6786341,7298382
OSCC_10-P,SRR16013070,100000,91099,91.1,91.3,95.11,6522246,7257251
OSCC_11-P,SRR16013072,100000,91945,91.94,91.72,95.25,6227366,6951933
OSCC_11-P,SRR16013073,100000,90745,90.75,90.82,95.47,6535411,6860585
OSCC_11-P,SRR16013074,100000,90640,90.64,91.47,95.9,6379876,7012367
OSCC_4-P,SRR16013054,100000,92769,92.77,91.63,95.13,6662052,7387950
